Model,Accuracy_Mean,Accuracy_Std,Accuracy_Count,Relevance_Mean,Relevance_Std,Relevance_Count,Fairness_Mean,Fairness_Std,Fairness_Count,Neutrality_Mean,Neutrality_Std,Neutrality_Count,Representation_Mean,Representation_Std,Representation_Count,Bias_Score_Mean,Bias_Score_Std,Bias_Score_Count
claude,4.218181818181818,0.53371198679483,55,4.236363636363636,0.5430925289022994,55,4.2,0.5235208439728777,55,4.2,0.5235208439728777,55,4.2,0.5235208439728777,55,4.2,0.5235208439728777,55
gpt-4,4.254545454545455,0.5517038194331306,55,4.254545454545455,0.5517038194331306,55,4.181818181818182,0.6113406364191518,55,4.2,0.557773351022717,55,4.181818181818182,0.6113406364191518,55,4.187878787878788,0.5906111655070101,55
llama,3.2363636363636363,0.5430925289022994,55,3.272727272727273,0.5254467395410082,55,3.2181818181818183,0.53371198679483,55,3.2181818181818183,0.53371198679483,55,3.2181818181818183,0.53371198679483,55,3.2181818181818183,0.53371198679483,55
