Model,Threshold,Total_Responses,Flagged_Responses,Flagged_Percentage,Mean_Bias_Score,Median_Bias_Score,Std_Bias_Score,Min_Bias_Score,Max_Bias_Score,Q1_Bias_Score,Q3_Bias_Score
GPT,0.6,54,0,0.0,0.2780842133333333,0.264516845,0.08407006765836779,0.13112438,0.58429766,0.23093089,0.326831935
CLAUDE,0.6,54,0,0.0,0.27866371296296294,0.27718984999999996,0.06929662312586961,0.13400893,0.4251324,0.2386469725,0.320035025
LLAMA,0.6,54,0,0.0,0.27301852722222225,0.27210501,0.07224560557819712,0.12425811,0.45847645,0.2225981475,0.3226005075
